fake_effect_val,censor_intercept,censored_prop,est_beta_per_10msv,irr_per_10msv,beta_p_value,lrt_curvature_p_value,convergence_success
-0.04,-1.0,0.5446666666666666,0.06705422996073764,1.0693534675987664,0.582175511081021,0.9278792044952089,True
-0.04,-0.5,0.6723333333333333,-0.15341322561667356,0.8577751938829681,0.19447469246614224,0.8600529306265859,True
0.0,-1.0,0.5196666666666667,-0.13153995231753787,0.8767442464735287,3.9968028886505635e-14,0.5562840416559507,True
0.0,-0.5,0.641,-0.17241050156894686,0.8416336103287902,4.103954953649236e-10,0.2943116672319313,True
0.04,-1.0,0.5383333333333333,0.014097441747755854,1.014197279279263,0.851762265621292,0.9311648656164456,True
0.04,-0.5,0.6516666666666666,-0.06493506432368239,0.9371283144625748,6.67315224767151e-06,0.29406111785936295,True
