fake_effect_val,fake_effect_val_2,censor_intercept,censored_prop,feat(T)0_mean_train,feat(T)0_ci_lower_train,feat(T)0_ci_upper_train,feat(T)0_mean_test,feat(T)0_ci_lower_test,feat(T)0_ci_upper_test
-0.04,0.0,-1.0,0.5416666666666667,-0.053742656950871014,-0.07927295001478209,-0.028212363886960138,-0.05365609178838641,-0.079741947506592,-0.027570236070181022
-0.04,0.0,-0.5,0.6446666666666667,-0.05762530934723584,-0.08401532288559638,-0.031235295808875362,-0.05695613136158495,-0.08398864594682685,-0.029923616776343035
0.0,0.0,-1.0,0.531,-0.006833663389087184,-0.02706857639899098,0.013401249620816605,-0.006535046975917854,-0.027328097153921198,0.014258003202085538
0.0,0.0,-0.5,0.657,-0.002792096682369995,-0.022173416517142386,0.016589223152402358,-0.0027131088812072466,-0.022266495949541772,0.016840278187127296
0.04,0.0,-1.0,0.519,0.04434539146209244,0.023575111939731573,0.06511567098445303,0.04475522564182756,0.023699069583668297,0.06581138169998683
0.04,0.0,-0.5,0.6516666666666666,0.04543861441887019,0.020060818457133724,0.0708164103806069,0.04498150239974843,0.01923484386553469,0.07072816093396227
